Ref,Val,Package,PosX,PosY,Rot,Side
"G***","LOGO","iit_logo_front",41.200000,-114.800000,180.000000,bottom
"","","",61.210000,-33.870000,0.000000,top
"","","",144.930000,-65.830000,0.000000,top
"","","",-9.230000,-185.990000,90.000000,top
"","","",-9.440000,-178.690000,90.000000,top
"C1","100nF","C_0402_1005Metric",35.480000,-125.700000,90.000000,top
"C2","4.7uF","C_0603_1608Metric",37.230000,-138.550000,180.000000,top
"C3","100nF","C_0402_1005Metric",39.330000,-138.750000,270.000000,top
"C4","100nF","C_0402_1005Metric",47.430000,-137.350000,0.000000,top
"C5","100nF","C_0402_1005Metric",48.340000,-126.230000,0.000000,top
"C6","100nF","C_0402_1005Metric",36.900000,-124.420000,180.000000,top
"C7","1uF","C_0402_1005Metric",32.610000,-133.390000,270.000000,top
"C8","100nF","C_0402_1005Metric",33.650000,-133.410000,270.000000,top
"C9","100nF","C_0402_1005Metric",59.980000,-117.650000,270.000000,top
"C10","10uF","C_1206_3216Metric",33.130000,-114.150000,270.000000,top
"C11","10uF","C_1206_3216Metric",29.790000,-114.880000,0.000000,top
"C12","2.2uF","C_0603_1608Metric",46.130000,-138.750000,0.000000,top
"C13","2.2uF","C_0603_1608Metric",50.380000,-127.650000,0.000000,top
"C14","100nF","C_0402_1005Metric",51.030000,-116.450000,90.000000,top
"C15","100nF","C_0402_1005Metric",57.530000,-118.050000,90.000000,top
"C16","100nF","C_0402_1005Metric",50.230000,-120.450000,90.000000,top
"C17","100nF","C_0402_1005Metric",38.430000,-145.450000,270.000000,top
"C18","100nF","C_0402_1005Metric",33.430000,-137.850000,180.000000,top
"C19","18pF","C_0402_1005Metric",33.180000,-126.480000,0.000000,top
"C20","18pF","C_0402_1005Metric",33.180000,-131.880000,180.000000,top
"C21","100nF","C_0402_1005Metric",45.730000,-117.350000,180.000000,top
"C22","100nF","C_0402_1005Metric",48.025000,-115.595000,0.000000,top
"C23","100nF","C_0402_1005Metric",41.690000,-120.150000,0.000000,top
"C24","100nF","C_0402_1005Metric",33.430000,-125.050000,0.000000,top
"C25","100nF","C_0402_1005Metric",31.180000,-120.300000,180.000000,top
"C26","100nF","C_0402_1005Metric",29.660000,-136.240000,0.000000,top
"C27","10uF","C_0603_1608Metric",32.480000,-117.350000,180.000000,top
"C28","100nF","C_0402_1005Metric",34.930000,-117.650000,0.000000,top
"C29","100nF","C_0402_1005Metric",32.980000,-119.050000,270.000000,top
"C30","220nF","C_0402_1005Metric",36.530000,-119.400000,90.000000,top
"D1","YE","Fuse_0402_1005Metric",35.030000,-114.450000,90.000000,top
"D2","GR","LED_0603_1608Metric",51.230000,-137.640000,180.000000,top
"D3","RE","LED_0603_1608Metric",51.230000,-135.940000,180.000000,top
"D4","BL","LED_0603_1608Metric",51.230000,-134.240000,180.000000,top
"D5","BL","LED_0603_1608Metric",51.220000,-132.430000,180.000000,top
"D6","D_Schottky","Fuse_0805_2012Metric",26.630000,-106.550000,90.000000,top
"F1","Fuse_Small","Fuse_0603_1608Metric",63.080000,-117.700000,270.000000,top
"FB1","Ferrite_Bead","L_0402_1005Metric",31.570000,-133.410000,270.000000,top
"IC1","LD39200PU33R","DFN-6-1EP_3x3mm_P1mm_EP1.5x2.4mm",29.790000,-111.780000,180.000000,top
"IC2","24CW1280T-I_OT","SOT-23-5",47.725000,-121.435000,0.000000,top
"IC3","W25N01GVZEIG_TR","W25N01GVZEIG_TR",47.860000,-146.170000,180.000000,top
"IC4","74LVC1G04GX4Z","74LVC1G04",29.020000,-137.620000,90.000000,top
"IC5","IIS2MDCTR","LGA-12_2x2mm_P0.5mm",34.770000,-119.410000,90.000000,top
"J2","Ferrite_Bead","L_0603_1608Metric",61.430000,-117.700000,270.000000,top
"JP1","1k","R_0603_1608Metric",54.430000,-134.240000,180.000000,top
"R1","R1","R_0603_1608Metric",36.530000,-114.950000,90.000000,top
"R2","10k","R_0402_1005Metric",61.220000,-146.060000,0.000000,top
"R3","22","R_0402_1005Metric",53.680000,-120.450000,90.000000,top
"R4","22","R_0402_1005Metric",54.980000,-120.450000,90.000000,top
"R5","2.2k","R_0603_1608Metric",54.430000,-137.640000,180.000000,top
"R6","1k","R_0603_1608Metric",54.430000,-135.940000,180.000000,top
"R8","1k","R_0603_1608Metric",54.420000,-132.430000,180.000000,top
"R9","10k","R_0402_1005Metric",53.230000,-146.150000,0.000000,top
"R11","10k","R_0402_1005Metric",48.930000,-141.950000,90.000000,top
"R12","10k","R_0402_1005Metric",38.430000,-143.350000,270.000000,top
"R13","2.2k","R_0402_1005Metric",51.950000,-130.630000,90.000000,top
"R14","2.2k","R_0402_1005Metric",49.930000,-130.100000,270.000000,top
"R15","2.2k","R_0402_1005Metric",38.030000,-123.050000,90.000000,top
"R16","2.2k","R_0402_1005Metric",40.280000,-123.650000,0.000000,top
"REF**","FabDrawing-4Layer","FabDrawing-4Layer-Metric",153.510000,-93.980000,0.000000,top
"S1","TDD01H0SB1R","SW_SPDT_PCM12",60.625000,-149.105000,0.000000,top
"S2","TDD01H0SB1R","SW_SPDT_PCM12",51.600000,-149.150000,0.000000,top
"S3","SW_Push","SW_SPST_CK_RS282G05A3",33.530000,-143.450000,270.000000,top
"U1","USBLC6-2SC6","SOT-23-6",60.050000,-112.505000,270.000000,top
"U2","CH330N","SOIC-8_3.9x4.9mm_P1.27mm",54.325000,-115.525000,270.000000,top
"U3","STM32F405RGTx","LQFP-64_10x10mm_P0.5mm",42.010000,-130.960000,0.000000,top
"U4","BMP388","ST_HLGA-10_2.5x2.5mm_P0.6mm_LayoutBorder3x2y",48.150000,-117.595000,0.000000,top
"U5","PCA9685BS","QFN-28-1EP_6x6mm_P0.65mm_EP4.25x4.25mm",41.040000,-115.950000,180.000000,top
"U6","BMI088","BMI008",30.180000,-122.680000,90.000000,top
"USB1","USB_B_Micro","USB_Micro-B_Wuerth_629105150521",59.630000,-106.450000,180.000000,top
"Y1","25MHz","Crystal_SMD_3225-4Pin_3.2x2.5mm",33.180000,-129.180000,270.000000,top
